Workbook

Sheet FATURAMENTO - PROD
C2: TRANSFERENCIA - PRODUTO
C7: SAÍDA | D7: =IFERROR(IF(#REF!<>0,UPPER(#REF!),UPPER(#REF!)),"") | H7: ENTRADA
C8: QNTD TOTAL | H8: VALOR TOTAL
C9: COD | D9: QNTD | E9: PRODUTO | F9: V. TRANSF | H9: COD | I9: QNTD | J9: PRODUTO | K9: V. TRANSF
H10: {=IF((C$72=""),"",IFERROR(INDEX(#REF!, SMALL(IF((#REF!<>0)*(#REF!<>"")*(ROW(#REF!)>ROW(INDIRECT(M$2))), ROW(#REF!)-ROW(#REF!)+1), ROW()-ROW($H$10)+1)), ""))} | I10: {=IF((C$72=""),"",IFERROR(INDEX(#REF!, SMALL(IF((#REF!<>0)*(#REF!<>"")*(ROW(#REF!)>ROW(INDIRECT($M$2))), ROW(#REF!)-ROW(#REF!)+1), ROW()-ROW($H$10)+1)), ""))} | J10: {=IF(H10=""," ",VLOOKUP('FATURAMENTO - PROD'!H10,#REF!,2,0))} | K10: {=IF(H10=""," ",VLOOKUP('FATURAMENTO - PROD'!H10,#REF!,3,0))}
I11: {=IF((C$72=""),"",IFERROR(INDEX(#REF!, SMALL(IF((#REF!<>0)*(#REF!<>"")*(ROW(#REF!)>ROW(INDIRECT($M$2))), ROW(#REF!)-ROW(#REF!)+1), ROW()-ROW($H$10)+1)), ""))} | J11: {=IF(H11=""," ",VLOOKUP('FATURAMENTO - PROD'!H11,#REF!,2,0))} | K11: {=IF(H11=""," ",VLOOKUP('FATURAMENTO - PROD'!H11,#REF!,3,0))}
I12: {=IF((C$72=""),"",IFERROR(INDEX(#REF!, SMALL(IF((#REF!<>0)*(#REF!<>"")*(ROW(#REF!)>ROW(INDIRECT($M$2))), ROW(#REF!)-ROW(#REF!)+1), ROW()-ROW($H$10)+1)), ""))} | J12: {=IF(H12=""," ",VLOOKUP('FATURAMENTO - PROD'!H12,#REF!,2,0))} | K12: {=IF(H12=""," ",VLOOKUP('FATURAMENTO - PROD'!H12,#REF!,3,0))}
I13: {=IF((C$72=""),"",IFERROR(INDEX(#REF!, SMALL(IF((#REF!<>0)*(#REF!<>"")*(ROW(#REF!)>ROW(INDIRECT($M$2))), ROW(#REF!)-ROW(#REF!)+1), ROW()-ROW($H$10)+1)), ""))} | J13: {=IF(H13=""," ",VLOOKUP('FATURAMENTO - PROD'!H13,#REF!,2,0))} | K13: {=IF(H13=""," ",VLOOKUP('FATURAMENTO - PROD'!H13,#REF!,3,0))}
I14: {=IF((C$72=""),"",IFERROR(INDEX(#REF!, SMALL(IF((#REF!<>0)*(#REF!<>"")*(ROW(#REF!)>ROW(INDIRECT($M$2))), ROW(#REF!)-ROW(#REF!)+1), ROW()-ROW($H$10)+1)), ""))} | J14: {=IF(H14=""," ",VLOOKUP('FATURAMENTO - PROD'!H14,#REF!,2,0))} | K14: {=IF(H14=""," ",VLOOKUP('FATURAMENTO - PROD'!H14,#REF!,3,0))}
I15: {=IF((C$72=""),"",IFERROR(INDEX(#REF!, SMALL(IF((#REF!<>0)*(#REF!<>"")*(ROW(#REF!)>ROW(INDIRECT($M$2))), ROW(#REF!)-ROW(#REF!)+1), ROW()-ROW($H$10)+1)), ""))} | J15: {=IF(H15=""," ",VLOOKUP('FATURAMENTO - PROD'!H15,#REF!,2,0))} | K15: {=IF(H15=""," ",VLOOKUP('FATURAMENTO - PROD'!H15,#REF!,3,0))}
I16: {=IF((C$72=""),"",IFERROR(INDEX(#REF!, SMALL(IF((#REF!<>0)*(#REF!<>"")*(ROW(#REF!)>ROW(INDIRECT($M$2))), ROW(#REF!)-ROW(#REF!)+1), ROW()-ROW($H$10)+1)), ""))} | J16: {=IF(H16=""," ",VLOOKUP('FATURAMENTO - PROD'!H16,#REF!,2,0))} | K16: {=IF(H16=""," ",VLOOKUP('FATURAMENTO - PROD'!H16,#REF!,3,0))}
I17: {=IF((C$72=""),"",IFERROR(INDEX(#REF!, SMALL(IF((#REF!<>0)*(#REF!<>"")*(ROW(#REF!)>ROW(INDIRECT($M$2))), ROW(#REF!)-ROW(#REF!)+1), ROW()-ROW($H$10)+1)), ""))} | J17: {=IF(H17=""," ",VLOOKUP('FATURAMENTO - PROD'!H17,#REF!,2,0))} | K17: {=IF(H17=""," ",VLOOKUP('FATURAMENTO - PROD'!H17,#REF!,3,0))}
I18: {=IF((C$72=""),"",IFERROR(INDEX(#REF!, SMALL(IF((#REF!<>0)*(#REF!<>"")*(ROW(#REF!)>ROW(INDIRECT($M$2))), ROW(#REF!)-ROW(#REF!)+1), ROW()-ROW($H$10)+1)), ""))} | J18: {=IF(H18=""," ",VLOOKUP('FATURAMENTO - PROD'!H18,#REF!,2,0))} | K18: {=IF(H18=""," ",VLOOKUP('FATURAMENTO - PROD'!H18,#REF!,3,0))}
I19: {=IF((C$72=""),"",IFERROR(INDEX(#REF!, SMALL(IF((#REF!<>0)*(#REF!<>"")*(ROW(#REF!)>ROW(INDIRECT($M$2))), ROW(#REF!)-ROW(#REF!)+1), ROW()-ROW($H$10)+1)), ""))} | J19: {=IF(H19=""," ",VLOOKUP('FATURAMENTO - PROD'!H19,#REF!,2,0))} | K19: {=IF(H19=""," ",VLOOKUP('FATURAMENTO - PROD'!H19,#REF!,3,0))}
I20: {=IF((C$72=""),"",IFERROR(INDEX(#REF!, SMALL(IF((#REF!<>0)*(#REF!<>"")*(ROW(#REF!)>ROW(INDIRECT($M$2))), ROW(#REF!)-ROW(#REF!)+1), ROW()-ROW($H$10)+1)), ""))} | J20: {=IF(H20=""," ",VLOOKUP('FATURAMENTO - PROD'!H20,#REF!,2,0))} | K20: {=IF(H20=""," ",VLOOKUP('FATURAMENTO - PROD'!H20,#REF!,3,0))}
I21: {=IF((C$72=""),"",IFERROR(INDEX(#REF!, SMALL(IF((#REF!<>0)*(#REF!<>"")*(ROW(#REF!)>ROW(INDIRECT($M$2))), ROW(#REF!)-ROW(#REF!)+1), ROW()-ROW($H$10)+1)), ""))} | J21: {=IF(H21=""," ",VLOOKUP('FATURAMENTO - PROD'!H21,#REF!,2,0))} | K21: {=IF(H21=""," ",VLOOKUP('FATURAMENTO - PROD'!H21,#REF!,3,0))}
I22: {=IF((C$72=""),"",IFERROR(INDEX(#REF!, SMALL(IF((#REF!<>0)*(#REF!<>"")*(ROW(#REF!)>ROW(INDIRECT($M$2))), ROW(#REF!)-ROW(#REF!)+1), ROW()-ROW($H$10)+1)), ""))} | J22: {=IF(H22=""," ",VLOOKUP('FATURAMENTO - PROD'!H22,#REF!,2,0))} | K22: {=IF(H22=""," ",VLOOKUP('FATURAMENTO - PROD'!H22,#REF!,3,0))}
... I72: {=IF((C$72=""),"",IFERROR(INDEX(#REF!, SMALL(IF((#REF!<>0)*(#REF!<>"")*(ROW(#REF!)>ROW(INDIRECT($M$2))), ROW(#REF!)-ROW(#REF!)+1), ROW()-ROW($H$10)+1)), ""))} | J72: {=IF(H72=""," ",VLOOKUP('FATURAMENTO - PROD'!H72,#REF!,2,0))} | K72: {=IF(H72=""," ",VLOOKUP('FATURAMENTO - PROD'!H72,#REF!,3,0))}
I73: {=IF((C$68=""),"",IFERROR(INDEX(#REF!, SMALL(IF((#REF!<>0)*(#REF!<>"")*(ROW(#REF!)>ROW(INDIRECT($N$10))), ROW(#REF!)-ROW(#REF!)+1), ROW()-ROW($H$10)+1)), ""))} | J73: {=IF(H73=""," ",VLOOKUP('FATURAMENTO - PROD'!H73,#REF!,2,0))} | K73: {=IF(H73=""," ",VLOOKUP('FATURAMENTO - PROD'!H73,#REF!,3,0))}
I74: {=IF((C$68=""),"",IFERROR(INDEX(#REF!, SMALL(IF((#REF!<>0)*(#REF!<>"")*(ROW(#REF!)>ROW(INDIRECT($N$10))), ROW(#REF!)-ROW(#REF!)+1), ROW()-ROW($H$10)+1)), ""))} | J74: {=IF(H74=""," ",VLOOKUP('FATURAMENTO - PROD'!H74,#REF!,2,0))} | K74: {=IF(H74=""," ",VLOOKUP('FATURAMENTO - PROD'!H74,#REF!,3,0))}
I75: {=IF((C$68=""),"",IFERROR(INDEX(#REF!, SMALL(IF((#REF!<>0)*(#REF!<>"")*(ROW(#REF!)>ROW(INDIRECT($N$10))), ROW(#REF!)-ROW(#REF!)+1), ROW()-ROW($H$10)+1)), ""))} | J75: {=IF(H75=""," ",VLOOKUP('FATURAMENTO - PROD'!H75,#REF!,2,0))} | K75: {=IF(H75=""," ",VLOOKUP('FATURAMENTO - PROD'!H75,#REF!,3,0))}

Sheet FATURAMENTO - SECO
C2: TRANSFERENCIA - SECO
C7: SAÍDA | H7: ENTRADA
C8: QNTD TOTAL | H8: VALOR TOTAL
C9: COD | D9: QNTD | E9: PRODUTO | F9: V. TRANSF | H9: COD | I9: QNTD | J9: PRODUTO | K9: V. TRANSF

Sheet ROMANEIO
C2: ROMANEIO
C7: SAÍDA | I7: ENTRADA
C8: TOTAL ENG | F8: QNTD TOTAL | I8: VALOR TOTAL
C9: COD | D9: ENG | E9: QNTD | F9: PRODUTO | I9: COD | J9: ENG | K9: QNTD | L9: PRODUTO
